{"id": 34, "name": "Some Different Title", "slug": "some-different-title", "image": "lemon-angel-pie", "description": "Lemon Angel Pie with meringue crust is a little taste of heaven!", "recipe_category": [], "tags": [], "rating": null, "date_added": "2021-12-11", "date_updated": "2021-12-16T23:27:50.177239", "recipe_yield": "12 serving(s)", "recipe_ingredient": [{"title": null, "note": "1 cup sugar", "unit": null, "food": null, "disable_amount": true, "quantity": 1}, {"title": null, "note": "4 eggs (separated, room temperature)", "unit": null, "food": null, "disable_amount": true, "quantity": 1}, {"title": null, "note": "1/4 tsp. cream of tartar", "unit": null, "food": null, "disable_amount": true, "quantity": 1}, {"title": null, "note": "1/2 cup sugar", "unit": null, "food": null, "disable_amount": true, "quantity": 1}, {"title": null, "note": "3 Tbsp. lemon juice", "unit": null, "food": null, "disable_amount": true, "quantity": 1}, {"title": null, "note": "1 Tbsp. grated lemon rind", "unit": null, "food": null, "disable_amount": true, "quantity": 1}, {"title": null, "note": "1/4 tsp. salt", "unit": null, "food": null, "disable_amount": true, "quantity": 1}, {"title": null, "note": "2 cups whipping cream.", "unit": null, "food": null, "disable_amount": true, "quantity": 1}], "recipe_instructions": [{"title": "", "text": "Beat egg whites until white and fluffy."}, {"title": "", "text": "Add in sugar gradually and cream of tartar."}, {"title": "", "text": "Beat until stiff but not dry (it's o.k if this doesn't happen)"}, {"title": "", "text": "Pour into a buttered 9\" deep dish glass pie dish and press up against the sides"}, {"title": "", "text": "Bake meringue crust at 300 degrees for 45-60 minutes."}, {"title": "", "text": "Cool."}, {"title": "", "text": "Filling"}, {"title": "", "text": "Take 4 egg yolks and beat slightly."}, {"title": "", "text": "Stir in 1/2 cup sugar, 3 Tbsp. lemon juice and 1 Tbsp. grated lemon rind, 1/4 tsp. salt."}, {"title": "", "text": "Cook until thickened in microwave for 4 minutes (stir every 30 seconds) Cool."}, {"title": "", "text": "Whip 2 cups whipping cream and fold 1/2 of whip cream into lemon mixture."}, {"title": "", "text": "Pour into cooled meringue shell. Top with the remaining whip cream. Chill for 24 hours."}], "nutrition": {"calories": "256", "fat_content": "16", "protein_content": "3", "carbohydrate_content": "27", "fiber_content": null, "sodium_content": "76", "sugar_content": "25"}, "tools": [], "total_time": "1 Hour 20 Minutes", "prep_time": "20 Minutes", "perform_time": "1 Hour", "settings": {"public": true, "show_nutrition": true, "show_assets": true, "landscape_view": true, "disable_comments": false, "disable_amount": false}, "assets": [], "notes": [], "org_url": "https://www.yourhomebasedmom.com/lemon-angel-pie/", "extras": {}, "comments": []}